<mxGraphModel dx="800" dy="800" grid="1" guides="1" tooltips="1" connect="1" fold="1" page="1" pageScale="1" pageWidth="826" pageHeight="1169" style="default-style2"><root><mxCell id="0"/><mxCell id="1" parent="0"/><mxCell id="2" value="" style="ellipse;shape=doubleEllipse;whiteSpace=wrap" vertex="1" parent="1"><mxGeometry x="200" y="170" width="80" height="80" as="geometry"/></mxCell><mxCell id="4" value="user&#xa;" style="shape=umlActor;verticalLabelPosition=bottom;verticalAlign=top" vertex="1" parent="1"><mxGeometry x="90" y="180" width="30" height="60" as="geometry"/></mxCell><mxCell id="5" value="" style="endArrow=none" edge="1" parent="1" source="4" target="2"><mxGeometry relative="1" as="geometry"/></mxCell><mxCell id="6" value="" style="ellipse;shape=doubleEllipse;whiteSpace=wrap" vertex="1" parent="1"><mxGeometry x="360" y="170" width="80" height="80" as="geometry"/></mxCell><mxCell id="7" value="" style="endArrow=none" edge="1" parent="1" source="2" target="6"><mxGeometry relative="1" as="geometry"/></mxCell><mxCell id="8" value="" style="shape=cylinder;whiteSpace=wrap" vertex="1" parent="1"><mxGeometry x="540" y="170" width="60" height="80" as="geometry"/></mxCell><mxCell id="9" value="" style="endArrow=none;entryX=1;entryY=0.5" edge="1" parent="1" source="8" target="6"><mxGeometry relative="1" as="geometry"/></mxCell><mxCell id="10" value="" style="endArrow=none;entryX=0;entryY=0.5" edge="1" parent="1" source="2" target="6"><mxGeometry relative="1" as="geometry"/></mxCell></root></mxGraphModel>