<shapes name="mxGraph.signs.food">
<shape name="Bar" h="98.5" w="98.46" aspect="variable" strokewidth="inherit">
<connections>
<constraint x="0.5" y="0" perimeter="0" name="N"/>
<constraint x="0.5" y="1" perimeter="0" name="S"/>
<constraint x="0.415" y="0.5" perimeter="0" name="W"/>
<constraint x="0.595" y="0.5" perimeter="0" name="E"/>
<constraint x="0" y="0" perimeter="0" name="NW"/>
<constraint x="0.2" y="1" perimeter="0" name="SW"/>
<constraint x="1" y="0" perimeter="0" name="NE"/>
<constraint x="0.8" y="1" perimeter="0" name="SE"/>
</connections>
<background>
<path>
<move x="79.37" y="86.53"/>
<line x="55.65" y="86.53"/>
<line x="55.65" y="52.76"/>
<line x="98.46" y="0"/>
<line x="0" y="0"/>
<line x="43.6" y="52.5"/>
<line x="43.6" y="86.53"/>
<line x="20.33" y="86.53"/>
<curve x1="12.29" y1="86.55" x2="12.29" y2="98.5" x3="20.33" y3="98.5"/>
<line x="79.37" y="98.5"/>
<curve x1="87.36" y1="98.5" x2="87.3" y2="86.55" x3="79.37" y3="86.53"/>
<close/>
<move x="49.46" y="29.6"/>
<curve x1="49.45" y1="25.4" x2="52.87" y2="21.99" x3="57.09" y3="21.99"/>
<curve x1="61.31" y1="21.99" x2="64.73" y2="25.41" x3="64.71" y3="29.6"/>
<curve x1="64.73" y1="33.83" x2="61.31" y2="37.24" x3="57.09" y3="37.21"/>
<curve x1="52.87" y1="37.24" x2="49.45" y2="33.83" x3="49.46" y3="29.6"/>
<close/>
</path>
</background>
<foreground>
<fillstroke/>
</foreground>
</shape>
<shape name="Cans and Bottles" h="98.6" w="74.75" aspect="variable" strokewidth="inherit">
<connections>
<constraint x="0.72" y="0" perimeter="0" name="N"/>
<constraint x="0.61" y="1" perimeter="0" name="S"/>
<constraint x="0" y="0.5" perimeter="0" name="W"/>
<constraint x="1" y="0.5" perimeter="0" name="E"/>
<constraint x="0.015" y="0.3" perimeter="0" name="NW"/>
<constraint x="0.015" y="0.99" perimeter="0" name="SW"/>
<constraint x="0.85" y="0" perimeter="0" name="NE"/>
<constraint x="0.985" y="0.99" perimeter="0" name="SE"/>
</connections>
<foreground>
<path>
<move x="54.16" y="6.75"/>
<curve x1="53.33" y1="6.63" x2="52.68" y2="5.87" x3="52.68" y3="4.97"/>
<curve x1="52.68" y1="4.29" x2="53.05" y2="3.72" x3="53.57" y3="3.39"/>
<curve x1="53.03" y1="3.08" x2="52.68" y2="2.48" x3="52.68" y3="1.81"/>
<curve x1="52.68" y1="0.81" x2="53.45" y2="0" x3="54.41" y3="0"/>
<line x="63.03" y="0"/>
<curve x1="64" y1="0" x2="64.77" y2="0.81" x3="64.77" y3="1.81"/>
<curve x1="64.77" y1="2.5" x2="64.4" y2="3.09" x3="63.83" y3="3.39"/>
<curve x1="64.37" y1="3.69" x2="64.77" y2="4.29" x3="64.77" y3="4.97"/>
<curve x1="64.77" y1="5.87" x2="64.12" y2="6.62" x3="63.29" y3="6.75"/>
<line x="73.76" y="36.33"/>
<curve x1="74.41" y1="38.25" x2="74.75" y2="40.39" x3="74.75" y3="42.53"/>
<line x="74.75" y="94.98"/>
<curve x1="74.75" y1="96.95" x2="73.22" y2="98.55" x3="71.3" y3="98.55"/>
<line x="46.13" y="98.55"/>
<curve x1="44.23" y1="98.55" x2="42.7" y2="96.95" x3="42.7" y3="94.98"/>
<line x="42.7" y="42.53"/>
<curve x1="42.7" y1="40.39" x2="43.04" y2="38.24" x3="43.66" y3="36.33"/>
<line x="54.16" y="6.75"/>
<close/>
</path>
<fillstroke/>
<path>
<move x="6.03" y="36.54"/>
<curve x1="6.25" y1="36.74" x2="6.55" y2="36.87" x3="6.86" y3="36.87"/>
<curve x1="7.56" y1="36.87" x2="8.13" y2="36.28" x3="8.13" y3="35.56"/>
<curve x1="8.13" y1="35.33" x2="8.06" y2="35.12" x3="7.97" y3="34.92"/>
<line x="6.55" y="31.48"/>
<curve x1="6.22" y1="30.79" x2="5.51" y2="30.32" x3="4.74" y3="30.32"/>
<curve x1="3.61" y1="30.32" x2="2.69" y2="31.25" x3="2.69" y3="32.43"/>
<curve x1="2.69" y1="33" x2="2.91" y2="33.51" x3="3.26" y3="33.88"/>
<line x="6.03" y="36.54"/>
<close/>
<move x="10.72" y="37.19"/>
<curve x1="10.84" y1="37.48" x2="10.91" y2="37.81" x3="10.91" y3="38.12"/>
<curve x1="10.91" y1="39.48" x2="9.85" y2="40.58" x3="8.55" y3="40.58"/>
<curve x1="8.08" y1="40.58" x2="7.63" y2="40.42" x3="7.26" y3="40.16"/>
<line x="1.58" y="35.24"/>
<curve x1="0.96" y1="34.47" x2="0.59" y2="33.51" x3="0.59" y3="32.43"/>
<curve x1="0.59" y1="30.05" x2="2.45" y2="28.1" x3="4.74" y3="28.1"/>
<curve x1="6.44" y1="28.1" x2="7.93" y2="29.21" x3="8.53" y3="30.76"/>
<line x="10.72" y="37.19"/>
<close/>
</path>
<fillstroke/>
<path>
<move x="28.93" y="41.52"/>
<curve x1="29.61" y1="41.52" x2="30.17" y2="42.11" x3="30.17" y3="42.82"/>
<line x="30.17" y="44.84"/>
<curve x1="30.17" y1="45.56" x2="29.6" y2="46.14" x3="28.93" y3="46.14"/>
<line x="27.77" y="46.09"/>
<curve x1="29.16" y1="47" x2="30.17" y2="48.57" x3="30.17" y3="50.43"/>
<line x="30.17" y="94.52"/>
<curve x1="30.17" y1="96.78" x2="28.43" y2="98.6" x3="26.28" y3="98.6"/>
<line x="3.91" y="98.6"/>
<curve x1="1.74" y1="98.6" x2="0" y2="96.77" x3="0" y3="94.51"/>
<line x="0.02" y="50.42"/>
<curve x1="0.02" y1="48.57" x2="1.01" y2="46.99" x3="2.41" y3="46.08"/>
<line x="1.25" y="46.14"/>
<curve x1="0.56" y1="46.14" x2="0.02" y2="45.56" x3="0.02" y3="44.84"/>
<line x="0.02" y="42.82"/>
<curve x1="0.02" y1="42.11" x2="0.56" y2="41.52" x3="1.25" y3="41.52"/>
<line x="28.93" y="41.52"/>
<close/>
</path>
<fillstroke/>
</foreground>
</shape>
<shape name="Coffee" h="61.68" w="98.5" aspect="variable" strokewidth="inherit">
<connections>
<constraint x="0.5" y="0" perimeter="0" name="N"/>
<constraint x="0.5" y="1" perimeter="0" name="S"/>
<constraint x="0.21" y="0.5" perimeter="0" name="W"/>
<constraint x="0.92" y="0.5" perimeter="0" name="E"/>
<constraint x="0.21" y="0" perimeter="0" name="NW"/>
<constraint x="0.09" y="1" perimeter="0" name="SW"/>
<constraint x="0.82" y="0" perimeter="0" name="NE"/>
<constraint x="0.91" y="1" perimeter="0" name="SE"/>
</connections>
<foreground>
<path>
<move x="98.5" y="51.06"/>
<line x="0" y="51.06"/>
<curve x1="0.01" y1="58.3" x2="5.44" y2="61.66" x3="9.81" y3="61.68"/>
<line x="88.68" y="61.68"/>
<curve x1="93.9" y1="61.66" x2="98.48" y2="57.49" x3="98.5" y3="51.06"/>
<line x="98.5" y="51.06"/>
<close/>
</path>
<fillstroke/>
<path>
<move x="79.78" y="0.01"/>
<line x="21.01" y="0.01"/>
<line x="21.01" y="39.15"/>
<curve x1="21.02" y1="44.47" x2="25.53" y2="48.67" x3="30.4" y3="48.68"/>
<line x="68.53" y="48.68"/>
<curve x1="74.03" y1="48.67" x2="77.78" y2="43.98" x3="77.76" y3="39.15"/>
<line x="77.76" y="35.9"/>
<curve x1="88.64" y1="35.89" x2="96.54" y2="27.6" x3="96.53" y3="17.93"/>
<curve x1="96.53" y1="8.09" x2="88.79" y2="0" x3="79.78" y3="0.01"/>
<close/>
<move x="77.76" y="28.43"/>
<line x="77.76" y="7.37"/>
<line x="79.79" y="7.37"/>
<curve x1="87.24" y1="7.36" x2="89.64" y2="14.52" x3="89.6" y3="17.98"/>
<curve x1="89.6" y1="23.58" x2="85.52" y2="28.95" x3="77.76" y3="28.43"/>
<close/>
</path>
<fillstroke/>
</foreground>
</shape>
<shape name="Drinking Water 1" h="98.08" w="84.16" aspect="variable" strokewidth="inherit">
<connections>
<constraint x="0.5" y="0.115" perimeter="0" name="N"/>
<constraint x="0.5" y="1" perimeter="0" name="S"/>
<constraint x="0.09" y="0.5" perimeter="0" name="W"/>
<constraint x="0.91" y="0.5" perimeter="0" name="E"/>
<constraint x="0" y="0" perimeter="0" name="NW"/>
<constraint x="0.185" y="1" perimeter="0" name="SW"/>
<constraint x="1" y="0" perimeter="0" name="NE"/>
<constraint x="0.815" y="1" perimeter="0" name="SE"/>
</connections>
<background>
<path>
<move x="66.07" y="16.62"/>
<curve x1="64.22" y1="18.39" x2="61.73" y2="19.09" x3="58.97" y3="19.09"/>
<curve x1="55.46" y1="19.09" x2="52.28" y2="17.67" x3="50.44" y3="14.99"/>
<curve x1="48.62" y1="17.73" x2="45.42" y2="19.09" x3="41.87" y3="19.09"/>
<curve x1="38.36" y1="19.09" x2="35.2" y2="17.64" x3="33.37" y3="14.96"/>
<curve x1="31.55" y1="17.73" x2="28.35" y2="19.09" x3="24.76" y3="19.09"/>
<curve x1="22.17" y1="19.09" x2="19.79" y2="18.51" x3="18" y3="16.94"/>
<line x="16.64" y="7.29"/>
<curve x1="18.5" y1="9.73" x2="21.45" y2="11.31" x3="24.75" y3="11.31"/>
<curve x1="28.34" y1="11.31" x2="31.54" y2="9.56" x3="33.36" y3="6.8"/>
<curve x1="35.19" y1="9.48" x2="38.35" y2="11.31" x3="41.86" y3="11.31"/>
<curve x1="45.41" y1="11.31" x2="48.61" y2="9.56" x3="50.43" y3="6.83"/>
<curve x1="52.26" y1="9.51" x2="55.45" y2="11.31" x3="58.96" y3="11.31"/>
<curve x1="62.54" y1="11.31" x2="65.7" y2="9.48" x3="67.5" y3="6.71"/>
<line x="66.07" y="16.62"/>
<close/>
</path>
</background>
<foreground>
<fillstroke/>
<path>
<move x="68.66" y="98.08"/>
<line x="84.16" y="0"/>
<line x="73.73" y="0.1"/>
<line x="59.64" y="87.74"/>
<line x="24.52" y="87.74"/>
<line x="10.43" y="0.1"/>
<line x="0" y="0"/>
<line x="15.5" y="98.08"/>
<line x="68.66" y="98.08"/>
<close/>
</path>
<fillstroke/>
</foreground>
</shape>
<shape name="Drinking Water 2" h="98.88" w="76.4" aspect="variable" strokewidth="inherit">
<connections>
<constraint x="0.5" y="0" perimeter="0" name="N"/>
<constraint x="0.395" y="1" perimeter="0" name="S"/>
<constraint x="0" y="0.585" perimeter="0" name="W"/>
<constraint x="1" y="0.44" perimeter="0" name="E"/>
<constraint x="0.25" y="0.24" perimeter="0" name="NW"/>
<constraint x="0.06" y="1" perimeter="0" name="SW"/>
<constraint x="1" y="0.1" perimeter="0" name="NE"/>
</connections>
<background>
<path>
<move x="12.55" y="48.61"/>
<line x="12.55" y="32.87"/>
<curve x1="14.41" y1="25.5" x2="19.71" y2="21.82" x3="28.44" y3="21.82"/>
<line x="39.6" y="21.82"/>
<curve x1="39.6" y1="19.53" x2="41.47" y2="17.68" x3="43.78" y3="17.68"/>
<line x="43.78" y="17.68"/>
<line x="43.78" y="6.63"/>
<line x="32.63" y="6.63"/>
<curve x1="30.78" y1="6.63" x2="29.28" y2="5.15" x3="29.28" y3="3.32"/>
<curve x1="29.28" y1="1.48" x2="30.78" y2="0" x3="32.63" y3="0"/>
<line x="61.91" y="0"/>
<curve x1="63.76" y1="0" x2="65.26" y2="1.48" x3="65.26" y3="3.31"/>
<curve x1="65.26" y1="5.14" x2="63.76" y2="6.62" x3="61.91" y3="6.62"/>
<line x="50.75" y="6.62"/>
<line x="50.75" y="17.67"/>
<curve x1="53.06" y1="17.67" x2="54.93" y2="19.52" x3="54.93" y3="21.81"/>
<line x="54.93" y="21.81"/>
<line x="70.27" y="21.81"/>
<line x="70.27" y="12.14"/>
<curve x1="70.27" y1="11.07" x2="71.14" y2="10.21" x3="72.22" y3="10.21"/>
<line x="76.4" y="10.21"/>
<line x="76.4" y="43.35"/>
<line x="72.22" y="43.35"/>
<curve x1="71.14" y1="43.35" x2="70.27" y2="42.48" x3="70.27" y3="41.42"/>
<line x="70.27" y="31.75"/>
<line x="54.94" y="31.75"/>
<curve x1="54.94" y1="34.04" x2="53.07" y2="35.89" x3="50.76" y3="35.89"/>
<line x="50.76" y="35.89"/>
<line x="43.79" y="35.89"/>
<curve x1="41.48" y1="35.89" x2="39.61" y2="34.04" x3="39.61" y3="31.75"/>
<line x="39.61" y="31.75"/>
<line x="28.44" y="31.75"/>
<curve x1="25.67" y1="31.75" x2="23.42" y2="33.98" x3="23.42" y3="36.72"/>
<line x="23.42" y="48.6"/>
<line x="12.55" y="48.6"/>
<close/>
<move x="0" y="57.72"/>
<line x="4.74" y="98.88"/>
<line x="30.12" y="98.88"/>
<line x="34.86" y="57.73"/>
<line x="0" y="57.73"/>
<close/>
<move x="3.9" y="61.31"/>
<line x="30.95" y="61.31"/>
<line x="30.11" y="69.6"/>
<line x="5.02" y="69.6"/>
<close/>
</path>
</background>
<foreground>
<fillstroke/>
</foreground>
</shape>
<shape name="Fast Food" h="87.88" w="98.26" aspect="variable" strokewidth="inherit">
<connections>
<constraint x="0.56" y="0.265" perimeter="0" name="N"/>
<constraint x="0.41" y="1" perimeter="0" name="S"/>
<constraint x="0.585" y="0.5" perimeter="0" name="W1"/>
<constraint x="0" y="0.8" perimeter="0" name="W2"/>
<constraint x="0.97" y="0.5" perimeter="0" name="E"/>
<constraint x="0.12" y="1" perimeter="0" name="SW"/>
<constraint x="1" y="0.01" perimeter="0" name="NE"/>
<constraint x="0.915" y="1" perimeter="0" name="SE"/>
</connections>
<foreground>
<path>
<move x="98.03" y="23.34"/>
<line x="89.98" y="87.88"/>
<line x="62.78" y="87.88"/>
<line x="54.75" y="23.34"/>
<line x="87.96" y="23.34"/>
<line x="94.54" y="0"/>
<line x="98.26" y="1.06"/>
<line x="91.97" y="23.33"/>
<line x="98.03" y="23.34"/>
<close/>
</path>
<fillstroke/>
<path>
<move x="50.91" y="60.92"/>
<curve x1="50.91" y1="60.92" x2="51.93" y2="51.53" x3="37.82" y3="51.53"/>
<line x="15.35" y="51.53"/>
<curve x1="1.27" y1="51.53" x2="2.26" y2="60.92" x3="2.26" y3="60.92"/>
<line x="50.91" y="60.92"/>
<close/>
</path>
<fillstroke/>
<path>
<move x="2.27" y="78.47"/>
<curve x1="2.27" y1="78.47" x2="1.28" y2="87.88" x3="15.36" y3="87.88"/>
<line x="37.83" y="87.88"/>
<curve x1="51.94" y1="87.88" x2="50.92" y2="78.47" x3="50.92" y3="78.47"/>
<line x="2.27" y="78.47"/>
<close/>
</path>
<fillstroke/>
<path>
<move x="48.8" y="73.92"/>
<curve x1="51.11" y1="73.92" x2="52.98" y2="72.01" x3="52.98" y3="69.67"/>
<curve x1="52.98" y1="67.34" x2="51.12" y2="65.45" x3="48.8" y3="65.45"/>
<line x="4.18" y="65.45"/>
<curve x1="1.88" y1="65.45" x2="0" y2="67.34" x3="0" y3="69.67"/>
<curve x1="0" y1="72.01" x2="1.88" y2="73.92" x3="4.18" y3="73.92"/>
<line x="48.8" y="73.92"/>
<close/>
</path>
<fillstroke/>
</foreground>
</shape>
<shape name="Food Truck" h="50.45" w="98.51" aspect="variable" strokewidth="inherit">
<connections>
<constraint x="0.5" y="0" perimeter="0" name="N"/>
<constraint x="0.5" y="0.89" perimeter="0" name="S"/>
<constraint x="0.02" y="0.5" perimeter="0" name="W"/>
<constraint x="0.98" y="0.5" perimeter="0" name="E"/>
<constraint x="0.02" y="0" perimeter="0" name="NW"/>
<constraint x="0" y="0.89" perimeter="0" name="SW"/>
<constraint x="0.84" y="0" perimeter="0" name="NE"/>
<constraint x="1" y="0.88" perimeter="0" name="SE"/>
</connections>
<background>
<path>
<move x="97.67" y="40.15"/>
<line x="97.09" y="40.15"/>
<curve x1="96.73" y1="40.15" x2="96.43" y2="39.85" x3="96.43" y3="39.48"/>
<line x="96.43" y="25.76"/>
<curve x1="96.43" y1="25.31" x2="96.1" y2="24.8" x3="95.7" y3="24.62"/>
<line x="89.3" y="21.77"/>
<curve x1="88.95" y1="21.61" x2="88.56" y2="21.17" x3="88.45" y3="20.8"/>
<line x="83.35" y="3.7"/>
<curve x1="83.23" y1="3.31" x2="83.14" y2="2.65" x3="83.14" y3="2.24"/>
<line x="83.14" y="0.84"/>
<curve x1="83.14" y1="0.37" x2="82.91" y2="0" x3="82.62" y3="0"/>
<line x="2.91" y="0"/>
<curve x1="2.45" y1="0" x2="2.07" y2="0.37" x3="2.07" y3="0.84"/>
<line x="2.07" y="39.48"/>
<curve x1="2.07" y1="39.85" x2="1.77" y2="40.15" x3="1.41" y3="40.15"/>
<line x="0.83" y="40.15"/>
<curve x1="0.37" y1="40.15" x2="0" y2="40.53" x3="0" y3="40.99"/>
<line x="0" y="43.98"/>
<curve x1="0" y1="44.45" x2="0.37" y2="44.83" x3="0.83" y3="44.83"/>
<line x="14.02" y="44.83"/>
<curve x1="14.24" y1="44.83" x2="14.44" y2="44.74" x3="14.58" y3="44.58"/>
<curve x1="14.72" y1="44.42" x2="14.78" y2="44.2" x3="14.75" y3="43.98"/>
<curve x1="14.75" y1="43.98" x2="14.69" y2="43.55" x3="14.69" y3="42.96"/>
<curve x1="14.69" y1="37.64" x2="18.95" y2="33.31" x3="24.2" y3="33.31"/>
<curve x1="29.45" y1="33.31" x2="33.71" y2="37.64" x3="33.71" y3="42.96"/>
<curve x1="33.71" y1="43.56" x2="33.65" y2="43.98" x3="33.65" y3="43.98"/>
<curve x1="33.62" y1="44.21" x2="33.68" y2="44.42" x3="33.82" y3="44.58"/>
<curve x1="33.96" y1="44.74" x2="34.16" y2="44.83" x3="34.38" y3="44.83"/>
<line x="70.37" y="44.83"/>
<curve x1="70.59" y1="44.83" x2="70.79" y2="44.74" x3="70.93" y3="44.58"/>
<curve x1="71.07" y1="44.42" x2="71.13" y2="44.2" x3="71.1" y3="43.98"/>
<curve x1="71.1" y1="43.98" x2="71.04" y2="43.55" x3="71.04" y3="42.96"/>
<curve x1="71.04" y1="37.64" x2="75.3" y2="33.31" x3="80.55" y3="33.31"/>
<curve x1="85.8" y1="33.31" x2="90.06" y2="37.64" x3="90.06" y3="42.96"/>
<curve x1="90.06" y1="43.56" x2="90" y2="43.98" x3="90" y3="43.98"/>
<curve x1="89.97" y1="44.21" x2="90.03" y2="44.42" x3="90.17" y3="44.58"/>
<curve x1="90.31" y1="44.74" x2="90.51" y2="44.83" x3="90.73" y3="44.83"/>
<line x="97.68" y="44.83"/>
<curve x1="98.14" y1="44.83" x2="98.51" y2="44.45" x3="98.51" y3="43.98"/>
<line x="98.51" y="40.99"/>
<curve x1="98.5" y1="40.53" x2="98.13" y2="40.15" x3="97.67" y3="40.15"/>
<close/>
<move x="11.92" y="13.88"/>
<curve x1="11.92" y1="14.5" x2="11.35" y2="15.17" x3="10.62" y3="15.17"/>
<line x="10.62" y="25.75"/>
<curve x1="10.62" y1="27.26" x2="8.6" y2="27.26" x3="8.6" y3="25.75"/>
<line x="8.6" y="15.18"/>
<curve x1="7.89" y1="15.18" x2="7.27" y2="14.62" x3="7.28" y3="13.8"/>
<line x="7.28" y="7.97"/>
<curve x1="7.28" y1="7.46" x2="8" y2="7.44" x3="8" y3="7.99"/>
<line x="8" y="12.3"/>
<line x="8.61" y="12.3"/>
<line x="8.61" y="7.95"/>
<curve x1="8.61" y1="7.48" x2="9.3" y2="7.46" x3="9.31" y3="7.97"/>
<line x="9.31" y="12.3"/>
<line x="9.93" y="12.3"/>
<line x="9.93" y="7.96"/>
<curve x1="9.93" y1="7.47" x2="10.61" y2="7.45" x3="10.61" y3="7.98"/>
<line x="10.61" y="12.3"/>
<line x="11.23" y="12.3"/>
<line x="11.23" y="7.96"/>
<curve x1="11.23" y1="7.47" x2="11.93" y2="7.45" x3="11.94" y3="7.98"/>
<line x="11.94" y="13.88"/>
<close/>
<move x="24.58" y="26.88"/>
<curve x1="19.33" y1="26.88" x2="15.07" y2="22.56" x3="15.07" y3="17.23"/>
<curve x1="15.07" y1="11.9" x2="19.33" y2="7.58" x3="24.58" y3="7.58"/>
<curve x1="29.83" y1="7.58" x2="34.09" y2="11.9" x3="34.09" y3="17.23"/>
<curve x1="34.09" y1="22.56" x2="29.83" y2="26.88" x3="24.58" y3="26.88"/>
<close/>
<move x="41.11" y="25.79"/>
<curve x1="41.11" y1="27.26" x2="39.09" y2="27.24" x3="39.09" y3="25.79"/>
<line x="39.09" y="19.25"/>
<line x="38.01" y="19.25"/>
<line x="38.01" y="9.32"/>
<curve x1="38.01" y1="7.01" x2="41.11" y2="7.01" x3="41.11" y3="9.32"/>
<line x="41.11" y="25.79"/>
<close/>
<move x="77.6" y="22.4"/>
<curve x1="77.6" y1="23.14" x2="77" y2="23.75" x3="76.27" y3="23.75"/>
<line x="66.09" y="23.75"/>
<curve x1="65.36" y1="23.75" x2="64.76" y2="23.14" x3="64.76" y3="22.4"/>
<line x="64.76" y="12.06"/>
<curve x1="64.76" y1="11.32" x2="65.36" y2="10.71" x3="66.09" y3="10.71"/>
<line x="76.28" y="10.71"/>
<curve x1="77.01" y1="10.71" x2="77.61" y2="11.32" x3="77.61" y3="12.06"/>
<line x="77.61" y="22.4"/>
<close/>
<move x="86.25" y="20.69"/>
<curve x1="86.06" y1="20.94" x2="85.77" y2="21.08" x3="85.41" y3="21.08"/>
<line x="81.78" y="21.08"/>
<curve x1="81.05" y1="21.08" x2="80.45" y2="20.47" x3="80.45" y3="19.73"/>
<line x="80.45" y="12.07"/>
<curve x1="80.45" y1="11.33" x2="81.05" y2="10.72" x3="81.78" y3="10.72"/>
<line x="82.37" y="10.72"/>
<curve x1="83.09" y1="10.72" x2="83.85" y2="11.29" x3="84.06" y3="11.99"/>
<line x="86.37" y="19.76"/>
<curve x1="86.48" y1="20.1" x2="86.43" y2="20.43" x3="86.25" y3="20.69"/>
<close/>
</path>
</background>
<foreground>
<fillstroke/>
<ellipse x="17.03" y="35.79" w="14.34" h="14.34"/>
<fillstroke/>
<ellipse x="73.37" y="35.79" w="14.34" h="14.34"/>
<fillstroke/>
<ellipse x="17.09" y="9.74" w="14.98" h="14.98"/>
<fillstroke/>
<ellipse x="16.71" y="35.47" w="14.98" h="14.98"/>
<fillstroke/>
<ellipse x="73.05" y="35.47" w="14.98" h="14.98"/>
<fillstroke/>
</foreground>
</shape>
<shape name="Knife" h="11.79" w="97.67" aspect="variable" strokewidth="inherit">
<connections>
<constraint x="0.5" y="0" perimeter="0" name="N"/>
<constraint x="0.52" y="0.99" perimeter="0" name="S"/>
<constraint x="0.06" y="0.5" perimeter="0" name="W"/>
<constraint x="1" y="0.5" perimeter="0" name="E"/>
<constraint x="0" y="0" perimeter="0" name="NW"/>
<constraint x="0.95" y="0" perimeter="0" name="NE"/>
<constraint x="0.95" y="1" perimeter="0" name="SE"/>
</connections>
<background>
<path>
<move x="63.46" y="0"/>
<line x="63.46" y="11.79"/>
<line x="91.91" y="11.79"/>
<curve x1="95.08" y1="11.79" x2="97.67" y2="9.15" x3="97.67" y3="5.9"/>
<curve x1="97.67" y1="2.62" x2="95.08" y2="0" x3="91.91" y3="0"/>
<line x="63.46" y="0"/>
<close/>
</path>
</background>
<foreground>
<fillstroke/>
<path>
<move x="9.96" y="8.47"/>
<line x="12.59" y="7.34"/>
<line x="14.23" y="10.21"/>
<line x="16.89" y="8.25"/>
<line x="18.78" y="10.97"/>
<line x="21.32" y="8.86"/>
<line x="23.38" y="11.43"/>
<line x="25.78" y="9.2"/>
<line x="27.96" y="11.66"/>
<line x="30.26" y="9.29"/>
<line x="32.58" y="11.66"/>
<line x="34.88" y="9.29"/>
<line x="37.16" y="11.66"/>
<line x="39.48" y="9.29"/>
<line x="41.78" y="11.66"/>
<line x="44.09" y="9.29"/>
<line x="46.39" y="11.66"/>
<line x="48.68" y="9.29"/>
<line x="50.98" y="11.66"/>
<line x="53.28" y="9.29"/>
<line x="55.58" y="11.66"/>
<line x="57.87" y="9.29"/>
<line x="60.2" y="11.66"/>
<line x="60.2" y="0.03"/>
<line x="0" y="0.03"/>
<line x="0" y="0.08"/>
<curve x1="2.76" y1="3.46" x2="6.15" y2="6.34" x3="9.96" y3="8.47"/>
</path>
<fillstroke/>
</foreground>
</shape>
<shape name="Restaurant 1" h="98.65" w="35.61" aspect="variable" strokewidth="inherit">
<connections>
<constraint x="0.5" y="0" perimeter="0" name="N"/>
<constraint x="0.385" y="0.96" perimeter="0" name="S"/>
<constraint x="0.145" y="0.5" perimeter="0" name="W"/>
<constraint x="0.99" y="0.5" perimeter="0" name="E"/>
<constraint x="0.055" y="0" perimeter="0" name="NW"/>
<constraint x="0.26" y="1" perimeter="0" name="SW"/>
<constraint x="0.95" y="0.01" perimeter="0" name="NE"/>
<constraint x="0.86" y="1" perimeter="0" name="SE"/>
</connections>
<foreground>
<path>
<move x="25.84" y="94.05"/>
<curve x1="25.82" y1="96.56" x2="27.82" y2="98.61" x3="30.3" y3="98.63"/>
<curve x1="32.79" y1="98.65" x2="34.81" y2="96.64" x3="34.83" y3="94.13"/>
<line x="35.57" y="4.97"/>
<curve x1="35.61" y1="0.56" x2="32.77" y2="0.07" x3="30.78" y3="0.05"/>
<curve x1="28.79" y1="0.03" x2="25.1" y2="5.68" x3="24.27" y3="10.9"/>
<curve x1="23.42" y1="16.1" x2="18.44" y2="42.97" x3="26.34" y3="48.26"/>
<line x="25.84" y="94.05"/>
<line x="25.84" y="94.05"/>
<line x="25.84" y="94.05"/>
<close/>
</path>
<fillstroke/>
<path>
<move x="4.77" y="93.87"/>
<line x="5.37" y="36.44"/>
<curve x1="2.14" y1="36.41" x2="0.55" y2="32.52" x3="0" y3="29.7"/>
<line x="1.96" y="0"/>
<line x="4.61" y="23.97"/>
<line x="7.09" y="0.04"/>
<line x="9.74" y="24.01"/>
<line x="12.79" y="0.08"/>
<line x="14.87" y="24.05"/>
<line x="17.92" y="0.12"/>
<line x="19.38" y="29.85"/>
<curve x1="18.79" y1="32.66" x2="17.37" y2="36.52" x3="14.12" y3="36.5"/>
<line x="13.78" y="93.93"/>
<curve x1="13.76" y1="96.44" x2="11.72" y2="98.46" x3="9.24" y3="98.44"/>
<curve x1="6.75" y1="98.43" x2="4.75" y2="96.38" x3="4.77" y3="93.87"/>
<line x="4.77" y="93.87"/>
<line x="4.77" y="93.87"/>
<close/>
</path>
<fillstroke/>
</foreground>
</shape>
<shape name="Restaurant 2" h="104.03" w="52.68" aspect="variable" strokewidth="inherit">
<connections>
<constraint x="0.13" y="0.5" perimeter="0" name="W"/>
<constraint x="1" y="0.5" perimeter="0" name="E"/>
<constraint x="0.035" y="0.025" perimeter="0" name="NW"/>
<constraint x="0.23" y="0.98" perimeter="0" name="SW"/>
<constraint x="0.85" y="0.025" perimeter="0" name="NE"/>
<constraint x="0.9" y="0.98" perimeter="0" name="SE"/>
</connections>
<foreground>
<path>
<move x="24.4" y="35.29"/>
<curve x1="24.38" y1="38.5" x2="21.42" y2="41.95" x3="17.59" y3="41.95"/>
<line x="17.59" y="96.29"/>
<curve x1="17.59" y1="104.03" x2="6.98" y2="104.03" x3="6.97" y3="96.29"/>
<line x="6.97" y="41.95"/>
<curve x1="3.25" y1="41.95" x2="0" y2="39.09" x3="0.01" y3="34.84"/>
<line x="0.01" y="4.9"/>
<curve x1="0" y1="2.3" x2="3.79" y2="2.2" x3="3.82" y3="5"/>
<line x="3.82" y="27.13"/>
<line x="6.97" y="27.13"/>
<line x="6.97" y="4.79"/>
<curve x1="6.97" y1="2.4" x2="10.62" y2="2.25" x3="10.63" y3="4.89"/>
<line x="10.63" y="27.12"/>
<line x="13.88" y="27.12"/>
<line x="13.88" y="4.84"/>
<curve x1="13.9" y1="2.32" x2="17.45" y2="2.22" x3="17.44" y3="4.94"/>
<line x="17.44" y="27.12"/>
<line x="20.7" y="27.12"/>
<line x="20.7" y="4.84"/>
<curve x1="20.69" y1="2.35" x2="24.39" y2="2.25" x3="24.41" y3="4.94"/>
<line x="24.41" y="35.29"/>
<line x="24.4" y="35.29"/>
<close/>
</path>
<fillstroke/>
<path>
<move x="52.66" y="11.85"/>
<line x="52.66" y="96.28"/>
<curve x1="52.67" y1="103.82" x2="42.05" y2="103.71" x3="42.04" y3="96.28"/>
<line x="42.04" y="62.76"/>
<line x="36.4" y="62.76"/>
<line x="36.4" y="11.85"/>
<curve x1="36.39" y1="0" x2="52.68" y2="0" x3="52.66" y3="11.85"/>
<line x="52.66" y="11.85"/>
<close/>
</path>
<fillstroke/>
</foreground>
</shape>
</shapes>