<shapes name="mxGraph.aws.misc">
<shape name="AWS Cloud" h="24.64" w="39.51" aspect="variable" strokewidth="inherit">
<connections>
<constraint x="0.37" y="0" perimeter="0" name="N"/>
<constraint x="0.5" y="1" perimeter="0" name="S"/>
<constraint x="0" y="0.7" perimeter="0" name="W"/>
<constraint x="1" y="0.7" perimeter="0" name="E"/>
<constraint x="0.16" y="0.21" perimeter="0" name="NW"/>
<constraint x="0.2" y="1" perimeter="0" name="SW"/>
<constraint x="0.77" y="0.25" perimeter="0" name="NE"/>
<constraint x="0.8" y="1" perimeter="0" name="SE"/>
</connections>
<background>
<path>
<move x="0" y="17.32"/>
<line x="0" y="17.98"/>
<curve x1="0" y1="21.29" x2="3.58" y2="24.64" x3="7.99" y3="24.64"/>
<line x="31.52" y="24.64"/>
<curve x1="35.94" y1="24.64" x2="39.51" y2="21.29" x3="39.51" y3="17.98"/>
<line x="39.51" y="17.32"/>
<curve x1="39.51" y1="14.24" x2="36.42" y2="10.37" x3="32.43" y3="10.03"/>
<curve x1="32.34" y1="7.28" x2="30.09" y2="5.08" x3="27.32" y3="5.08"/>
<curve x1="26.24" y1="5.08" x2="25.25" y2="5.41" x3="24.42" y3="5.98"/>
<curve x1="22.84" y1="2.46" x2="19.32" y2="0" x3="15.21" y3="0"/>
<curve x1="9.63" y1="0" x2="5.11" y2="4.52" x3="5.11" y3="10.1"/>
<curve x1="5.11" y1="10.2" x2="5.12" y2="10.3" x3="5.12" y3="10.39"/>
<curve x1="2.13" y1="11.26" x2="0" y2="14.77" x3="0" y3="17.32"/>
<close/>
<move x="12.7" y="20.37"/>
<line x="12.13" y="18.1"/>
<line x="9.41" y="18.1"/>
<line x="8.81" y="20.37"/>
<line x="7.26" y="20.37"/>
<line x="9.9" y="11.09"/>
<line x="11.8" y="11.09"/>
<line x="14.24" y="20.37"/>
<line x="12.7" y="20.37"/>
<close/>
<move x="21.71" y="20.37"/>
<line x="19.99" y="20.37"/>
<line x="18.8" y="13.38"/>
<line x="18.77" y="13.38"/>
<line x="17.59" y="20.37"/>
<line x="15.87" y="20.37"/>
<line x="14.08" y="11.09"/>
<line x="15.58" y="11.09"/>
<line x="16.8" y="18.3"/>
<line x="16.82" y="18.3"/>
<line x="18.04" y="11.09"/>
<line x="19.61" y="11.09"/>
<line x="20.85" y="18.34"/>
<line x="20.88" y="18.34"/>
<line x="22.09" y="11.09"/>
<line x="23.56" y="11.09"/>
<line x="21.71" y="20.37"/>
<close/>
<move x="27.14" y="20.55"/>
<curve x1="24.84" y1="20.55" x2="24.32" y2="19.02" x3="24.32" y3="17.72"/>
<line x="24.32" y="17.5"/>
<line x="25.8" y="17.5"/>
<line x="25.8" y="17.73"/>
<curve x1="25.8" y1="18.86" x2="26.3" y2="19.43" x3="27.33" y3="19.43"/>
<curve x1="28.26" y1="19.43" x2="28.73" y2="18.77" x3="28.73" y3="18.08"/>
<curve x1="28.73" y1="17.1" x2="28.24" y2="16.68" x3="27.4" y3="16.43"/>
<line x="26.39" y="16.08"/>
<curve x1="25.04" y1="15.56" x2="24.45" y2="14.86" x3="24.45" y3="13.53"/>
<curve x1="24.45" y1="11.84" x2="25.6" y2="10.9" x3="27.34" y3="10.9"/>
<curve x1="29.72" y1="10.9" x2="29.96" y2="12.38" x3="29.96" y3="13.35"/>
<line x="29.96" y="13.55"/>
<line x="28.48" y="13.55"/>
<line x="28.48" y="13.36"/>
<curve x1="28.48" y1="12.51" x2="28.1" y2="12.02" x3="27.18" y3="12.02"/>
<curve x1="26.54" y1="12.02" x2="25.93" y2="12.37" x3="25.93" y3="13.36"/>
<curve x1="25.93" y1="14.15" x2="26.34" y2="14.55" x3="27.33" y3="14.93"/>
<line x="28.33" y="15.3"/>
<curve x1="29.64" y1="15.76" x2="30.21" y2="16.48" x3="30.21" y3="17.75"/>
<curve x1="30.21" y1="19.73" x2="29.02" y2="20.55" x3="27.14" y3="20.55"/>
<close/>
</path>
</background>
<foreground>
<fillstroke/>
<path>
<move x="10.79" y="12.34"/>
<line x="9.68" y="16.91"/>
<line x="11.88" y="16.91"/>
<line x="10.81" y="12.34"/>
<close/>
</path>
<fillstroke/>

<fillcolor color="#FFFFFF"/>
<path>
<move x="9.9" y="11.09"/>
<line x="7.26" y="20.37"/>
<line x="8.81" y="20.37"/>
<line x="9.41" y="18.1"/>
<line x="12.13" y="18.1"/>
<line x="12.7" y="20.37"/>
<line x="14.25" y="20.37"/>
<line x="11.8" y="11.09"/>
<line x="9.9" y="11.09"/>
<close/>
<move x="9.68" y="16.91"/>
<line x="10.79" y="12.34"/>
<line x="10.81" y="12.34"/>
<line x="11.88" y="16.91"/>
<line x="9.68" y="16.91"/>
<close/>
</path>
<fillstroke/>
<path>
<move x="20.88" y="18.34"/>
<line x="20.85" y="18.34"/>
<line x="19.6" y="11.09"/>
<line x="18.04" y="11.09"/>
<line x="16.82" y="18.3"/>
<line x="16.8" y="18.3"/>
<line x="15.57" y="11.09"/>
<line x="14.08" y="11.09"/>
<line x="15.87" y="20.37"/>
<line x="17.59" y="20.37"/>
<line x="18.77" y="13.38"/>
<line x="18.8" y="13.38"/>
<line x="19.99" y="20.37"/>
<line x="21.71" y="20.37"/>
<line x="23.56" y="11.09"/>
<line x="22.09" y="11.09"/>
<close/>
</path>
<fillstroke/>
<path>
<move x="28.33" y="15.3"/>
<line x="27.33" y="14.94"/>
<curve x1="26.34" y1="14.56" x2="25.94" y2="14.16" x3="25.94" y3="13.36"/>
<curve x1="25.94" y1="12.38" x2="26.55" y2="12.02" x3="27.18" y3="12.02"/>
<curve x1="28.11" y1="12.02" x2="28.48" y2="12.52" x3="28.48" y3="13.36"/>
<line x="28.48" y="13.56"/>
<line x="29.97" y="13.56"/>
<line x="29.97" y="13.35"/>
<curve x1="29.97" y1="12.39" x2="29.72" y2="10.91" x3="27.34" y3="10.91"/>
<curve x1="25.6" y1="10.91" x2="24.45" y2="11.84" x3="24.45" y3="13.53"/>
<curve x1="24.45" y1="14.86" x2="25.04" y2="15.56" x3="26.39" y3="16.08"/>
<line x="27.4" y="16.43"/>
<curve x1="28.24" y1="16.68" x2="28.73" y2="17.11" x3="28.73" y3="18.08"/>
<curve x1="28.73" y1="18.77" x2="28.26" y2="19.44" x3="27.33" y3="19.44"/>
<curve x1="26.3" y1="19.44" x2="25.81" y2="18.86" x3="25.81" y3="17.73"/>
<line x="25.81" y="17.5"/>
<line x="24.32" y="17.5"/>
<line x="24.32" y="17.72"/>
<curve x1="24.32" y1="19.02" x2="24.85" y2="20.55" x3="27.15" y3="20.55"/>
<curve x1="29.02" y1="20.55" x2="30.21" y2="19.74" x3="30.21" y3="17.76"/>
<curve x1="30.21" y1="16.48" x2="29.64" y2="15.77" x3="28.33" y3="15.3"/>
<close/>
</path>
<fillstroke/>
</foreground>
</shape>
<shape name="Virtual Private Cloud" h="24.64" w="39.51" aspect="variable" strokewidth="inherit">
<connections>
<constraint x="0.37" y="0" perimeter="0" name="N"/>
<constraint x="0.5" y="1" perimeter="0" name="S"/>
<constraint x="0" y="0.7" perimeter="0" name="W"/>
<constraint x="1" y="0.7" perimeter="0" name="E"/>
<constraint x="0.16" y="0.21" perimeter="0" name="NW"/>
<constraint x="0.2" y="1" perimeter="0" name="SW"/>
<constraint x="0.77" y="0.25" perimeter="0" name="NE"/>
<constraint x="0.8" y="1" perimeter="0" name="SE"/>
</connections>
<background>
<path>
<move x="5.12" y="10.4"/>
<curve x1="5.12" y1="10.3" x2="5.11" y2="10.2" x3="5.11" y3="10.1"/>
<curve x1="5.11" y1="4.52" x2="9.63" y2="0" x3="15.21" y3="0"/>
<curve x1="19.32" y1="0" x2="22.84" y2="2.46" x3="24.42" y3="5.98"/>
<curve x1="25.25" y1="5.41" x2="26.25" y2="5.08" x3="27.32" y3="5.08"/>
<curve x1="30.09" y1="5.08" x2="32.34" y2="7.28" x3="32.43" y3="10.03"/>
<curve x1="36.42" y1="10.37" x2="39.52" y2="14.24" x3="39.52" y3="17.32"/>
<line x="39.52" y="17.98"/>
<curve x1="39.52" y1="21.29" x2="35.94" y2="24.64" x3="31.52" y3="24.64"/>
<line x="7.99" y="24.64"/>
<curve x1="3.58" y1="24.64" x2="0" y2="21.29" x3="0" y3="17.98"/>
<line x="0" y="17.32"/>
<curve x1="0" y1="14.77" x2="2.13" y2="11.26" x3="5.12" y3="10.4"/>
<close/>
</path>
</background>
<foreground>
<fillstroke/>

<fillcolor color="#FFFFFF"/>
<path>
<move x="10.3" y="11.65"/>
<line x="11.88" y="11.65"/>
<line x="13.45" y="19.06"/>
<line x="13.48" y="19.06"/>
<line x="15.14" y="11.65"/>
<line x="16.71" y="11.65"/>
<line x="14.37" y="20.94"/>
<line x="12.49" y="20.94"/>
<line x="10.3" y="11.65"/>
<close/>
</path>
<fillstroke/>
<path>
<move x="17.66" y="11.65"/>
<line x="20.6" y="11.65"/>
<curve x1="22.38" y1="11.65" x2="23.16" y2="12.77" x3="23.16" y3="14.36"/>
<curve x1="23.16" y1="16.02" x2="22.19" y2="17.1" x3="20.44" y3="17.1"/>
<line x="19.14" y="17.1"/>
<line x="19.14" y="20.94"/>
<line x="17.66" y="20.94"/>
<line x="17.66" y="11.65"/>
<close/>
<move x="19.14" y="15.98"/>
<line x="20.2" y="15.98"/>
<curve x1="20.99" y1="15.98" x2="21.68" y2="15.55" x3="21.68" y3="14.38"/>
<curve x1="21.68" y1="13.38" x2="21.28" y2="12.77" x3="20.09" y3="12.77"/>
<line x="19.14" y="12.77"/>
<line x="19.14" y="15.98"/>
<close/>
</path>
<fillstroke/>
<path>
<move x="30.13" y="17.61"/>
<line x="30.13" y="17.8"/>
<curve x1="30.13" y1="19.48" x2="29.45" y2="21.12" x3="27.27" y3="21.12"/>
<curve x1="24.93" y1="21.12" x2="24.2" y2="19.61" x3="24.2" y3="16.29"/>
<curve x1="24.2" y1="12.98" x2="24.93" y2="11.47" x3="27.28" y3="11.47"/>
<curve x1="29.92" y1="11.47" x2="30.08" y2="13.42" x3="30.08" y3="14.38"/>
<line x="30.08" y="14.55"/>
<line x="28.6" y="14.55"/>
<line x="28.6" y="14.4"/>
<curve x1="28.6" y1="13.54" x2="28.34" y2="12.55" x3="27.27" y3="12.59"/>
<curve x1="26.18" y1="12.59" x2="25.68" y2="13.27" x3="25.68" y3="16.26"/>
<curve x1="25.68" y1="19.25" x2="26.18" y2="20" x3="27.27" y3="20"/>
<curve x1="28.51" y1="20" x2="28.65" y2="18.62" x3="28.65" y3="17.76"/>
<line x="28.65" y="17.61"/>
<line x="30.13" y="17.61"/>
<close/>
</path>
<fillstroke/>
</foreground>
</shape>
<shape name="VPC Subnet" h="18.4" w="16.6" aspect="variable" strokewidth="inherit">
<connections>
<constraint x="0.5" y="0" perimeter="0" name="N"/>
<constraint x="0.5" y="1" perimeter="0" name="S"/>
<constraint x="0" y="0.5" perimeter="0" name="W"/>
<constraint x="1" y="0.5" perimeter="0" name="E"/>
<constraint x="0" y="1" perimeter="0" name="SW"/>
<constraint x="1" y="1" perimeter="0" name="SE"/>
</connections>
<foreground>
<rect x="2.84" y="4.89" w="2.67" h="8.72"/>
<fillstroke/>
<path>
<move x="2.84" y="4.91"/>
<curve x1="3.12" y1="2.14" x2="5.49" y2="0" x3="8.34" y3="0"/>
<curve x1="11.18" y1="0" x2="13.54" y2="2.15" x3="13.83" y3="4.91"/>
<line x="11.17" y="4.91"/>
<curve x1="11.17" y1="4.91" x2="11.05" y2="2.36" x3="8.34" y3="2.35"/>
<curve x1="5.51" y1="2.34" x2="5.51" y2="4.91" x3="5.51" y3="4.91"/>
<line x="2.84" y="4.91"/>
<close/>
</path>
<fillstroke/>
<rect x="11.17" y="4.89" w="2.67" h="8.72"/>
<fillstroke/>
<rect x="0" y="9.1" w="16.6" h="9.3"/>
<fillstroke/>
</foreground>
</shape>
</shapes>