<shapes name="mxGraph.pid.valves">
<shape name="Angle" h="79" w="79" aspect="variable" strokewidth="inherit">
<connections>
<constraint x="0.38" y="0.38" perimeter="0" name="center"/>
<constraint x="0.38" y="1" perimeter="0" name="S"/>
<constraint x="1" y="0.38" perimeter="0" name="E"/>
</connections>
<background>
<path>
<move x="0" y="79"/>
<line x="30" y="30"/>
<line x="79" y="0"/>
<line x="79" y="60"/>
<line x="30" y="30"/>
<line x="60" y="79"/>
<close/>
</path>
</background>
<foreground>
<fillstroke/>
</foreground>
</shape>
<shape name="Back Pressure Regulator 1" h="94" w="98" aspect="variable" strokewidth="inherit">
<connections>
<constraint x="0" y="0.685" perimeter="0" name="W"/>
<constraint x="1" y="0.685" perimeter="0" name="E"/>
<constraint x="0.5" y="0.685" perimeter="0" name="center"/>
</connections>
<background>
<path>
<move x="0" y="94"/>
<line x="0" y="35"/>
<line x="98" y="94"/>
<line x="98" y="35"/>
<close/>
</path>
</background>
<foreground>
<fillstroke/>
<path>
<move x="49" y="35"/>
<line x="49" y="64"/>
</path>
<stroke/>
<path>
<move x="29" y="35"/>
<arc rx="20" ry="20" x-axis-rotation="0" large-arc-flag="0" sweep-flag="1" x="69" y="35"/>
<close/>
</path>
<fillstroke/>
<path>
<move x="49" y="15"/>
<line x="49" y="0"/>
<line x="97.5" y="0"/>
<line x="49" y="64.5"/>
</path>
<stroke/>
</foreground>
</shape>
<shape name="Back Pressure Regulator 2" h="94" w="98" aspect="variable" strokewidth="inherit">
<connections>
<constraint x="0" y="0.685" perimeter="0" name="W"/>
<constraint x="1" y="0.685" perimeter="0" name="E"/>
<constraint x="0.5" y="0.685" perimeter="0" name="center"/>
</connections>
<background>
<path>
<move x="0" y="94"/>
<line x="0" y="35"/>
<line x="98" y="94"/>
<line x="98" y="35"/>
<close/>
</path>
</background>
<foreground>
<fillstroke/>
<path>
<move x="49" y="35"/>
<line x="49" y="64"/>
</path>
<stroke/>
<path>
<move x="29" y="35"/>
<arc rx="20" ry="20" x-axis-rotation="0" large-arc-flag="0" sweep-flag="1" x="69" y="35"/>
<close/>
</path>
<fillstroke/>
<path>
<move x="49" y="15"/>
<line x="49" y="0"/>
<line x="0.5" y="0"/>
<line x="49" y="64.5"/>
</path>
<stroke/>
</foreground>
</shape>
<shape name="Ball Valve" h="60" w="98" aspect="variable" strokewidth="inherit">
<connections>
<constraint x="0.5" y="0.165" perimeter="0" name="N"/>
<constraint x="0.5" y="0.835" perimeter="0" name="S"/>
<constraint x="0" y="0.5" perimeter="0" name="W"/>
<constraint x="1" y="0.5" perimeter="0" name="E"/>
</connections>
<background>
<path>
<move x="0" y="0"/>
<line x="31.9" y="19.7"/>
<arc rx="20" ry="20" x-axis-rotation="0" large-arc-flag="0" sweep-flag="1" x="66.2" y="19.7"/>
<line x="98" y="0"/>
<line x="98" y="60"/>
<line x="66.2" y="40.5"/>
<arc rx="20" ry="20" x-axis-rotation="0" large-arc-flag="0" sweep-flag="1" x="31.9" y="40.5"/>
<line x="0" y="60"/>
<close/>
</path>
</background>
<foreground>
<fillstroke/>
<path>
<move x="31.9" y="40.5"/>
<arc rx="20" ry="20" x-axis-rotation="0" large-arc-flag="0" sweep-flag="1" x="31.9" y="19.7"/>
</path>
<stroke/>
<path>
<move x="66.2" y="19.7"/>
<arc rx="20" ry="20" x-axis-rotation="0" large-arc-flag="0" sweep-flag="1" x="66.2" y="40.5"/>
</path>
<stroke/>
</foreground>
</shape>
<shape name="Bleeder Valve 1" h="75" w="25" aspect="variable" strokewidth="inherit">
<connections>
<constraint x="0.5" y="0" perimeter="0" name="N"/>
<constraint x="0.5" y="1" perimeter="0" name="S"/>
<constraint x="0.5" y="0.465" perimeter="0" name="center"/>
</connections>
<background>
<path>
<move x="0" y="75"/>
<line x="25" y="75"/>
<line x="0" y="35"/>
<line x="25" y="35"/>
<close/>
</path>
</background>
<foreground>
<fillstroke/>
<path>
<move x="12.5" y="0"/>
<line x="12.5" y="35"/>
</path>
<stroke/>
</foreground>
</shape>
<shape name="Bleeder Valve 2" h="71.8" w="68.4" aspect="variable" strokewidth="inherit">
<connections>
<constraint x="0.91" y="0.14" perimeter="0" name="N"/>
<constraint x="0.125" y="0.875" perimeter="0" name="SW"/>
<constraint x="0.545" y="0.48" perimeter="0" name="center"/>
<constraint x="1" y="0.14" perimeter="0" name="NE"/>
<constraint x="0.195" y="0.14" perimeter="0" name="NW"/>
</connections>
<background>
<path>
<move x="28.3" y="25.8"/>
<line x="46" y="43.6"/>
<line x="0" y="54.1"/>
<line x="17.6" y="71.8"/>
<close/>
</path>
</background>
<foreground>
<fillstroke/>
<path>
<move x="13.4" y="0"/>
<line x="13.4" y="20"/>
</path>
<stroke/>
<path>
<move x="13.4" y="10"/>
<line x="68.4" y="10"/>
</path>
<stroke/>
<path>
<move x="68.4" y="0"/>
<line x="68.4" y="20"/>
</path>
<stroke/>
<path>
<move x="62.1" y="10"/>
<line x="37.4" y="34.4"/>
</path>
<stroke/>
<path>
<move x="52" y="38.7"/>
<line x="33.4" y="20"/>
</path>
<stroke/>
</foreground>
</shape>
<shape name="Butterfly Valve 1" h="60" w="98" aspect="variable" strokewidth="inherit">
<connections>
<constraint x="0.5" y="0.415" perimeter="0" name="N"/>
<constraint x="0.5" y="0.585" perimeter="0" name="S"/>
<constraint x="0" y="0.5" perimeter="0" name="W"/>
<constraint x="1" y="0.5" perimeter="0" name="E"/>
</connections>
<background>
<ellipse x="44" y="25" w="10" h="10"/>
</background>
<foreground>
<fillstroke/>
<path>
<move x="0" y="60"/>
<line x="0" y="0"/>
<line x="45" y="27.5"/>
</path>
<stroke/>
<path>
<move x="53" y="32.5"/>
<line x="98" y="60"/>
<line x="98" y="0"/>
</path>
<stroke/>
</foreground>
</shape>
<shape name="Butterfly Valve 2" h="60" w="98" aspect="variable" strokewidth="inherit">
<connections>
<constraint x="1" y="0.5" perimeter="0" name="E"/>
<constraint x="0" y="0.5" perimeter="0" name="W"/>
<constraint x="0.5" y="0.5" perimeter="0" name="center"/>
</connections>
<background>
<path>
<move x="0" y="60"/>
<line x="0" y="0"/>
<line x="98" y="60"/>
<line x="98" y="0"/>
<close/>
</path>
</background>
<foreground>
<fillstroke/>
<path>
<move x="34" y="55"/>
<line x="64" y="5"/>
</path>
<stroke/>
</foreground>
</shape>
<shape name="Check Valve 1" h="62" w="98.5" aspect="variable" strokewidth="inherit">
<connections>
<constraint x="0.5" y="0.5" perimeter="0" name="center"/>
<constraint x="0.03" y="0.5" perimeter="0" name="W"/>
<constraint x="1" y="0.5" perimeter="0" name="E"/>
</connections>
<foreground>
<save/>
<linejoin join="round"/>
<path>
<move x="3" y="62"/>
<line x="3" y="2"/>
<line x="98.5" y="62"/>
<line x="98.5" y="2"/>
</path>
<stroke/>
<restore/>
<linejoin join="miter"/>
<ellipse x="0" y="0" w="6" h="6"/>
<fillstroke/>

<linejoin join="round"/>
<path>
<move x="89.5" y="50"/>
<line x="98.5" y="62"/>
<line x="84" y="59.5"/>
<line x="89.5" y="56.5"/>
<close/>
</path>
<fillstroke/>
</foreground>
</shape>
<shape name="Check Valve 2" h="62" w="98.5" aspect="variable" strokewidth="inherit">
<connections>
<constraint x="0.5" y="0.5" perimeter="0" name="center"/>
<constraint x="0" y="0.5" perimeter="0" name="W"/>
<constraint x="0.97" y="0.5" perimeter="0" name="E"/>
</connections>
<background>
<save/>
<linejoin join="round"/>
<path>
<move x="0" y="2"/>
<line x="0" y="62"/>
<line x="95.5" y="2"/>
<line x="95.5" y="62"/>
</path>
</background>
<foreground>
<stroke/>
<restore/>
<linejoin join="miter"/>
<ellipse x="92.5" y="0" w="6" h="6"/>
<fillstroke/>

<linejoin join="round"/>
<path>
<move x="9" y="50"/>
<line x="0" y="62"/>
<line x="14.5" y="59.5"/>
<line x="9" y="56.5"/>
<close/>
</path>
<fillstroke/>
</foreground>
</shape>
<shape name="Diaphragm" h="60" w="98" aspect="variable" strokewidth="inherit">
<connections>
<constraint x="0.5" y="0.135" perimeter="0" name="N"/>
<constraint x="0.5" y="0.5" perimeter="0" name="S"/>
<constraint x="0" y="0.5" perimeter="0" name="W"/>
<constraint x="1" y="0.5" perimeter="0" name="E"/>
</connections>
<background>
<path>
<move x="0" y="60"/>
<line x="0" y="0"/>
<line x="98" y="60"/>
<line x="98" y="0"/>
<close/>
</path>
</background>
<foreground>
<fillstroke/>
<path>
<move x="29" y="18"/>
<arc rx="25" ry="25" x-axis-rotation="0" large-arc-flag="0" sweep-flag="1" x="69" y="18"/>
</path>
<stroke/>
</foreground>
</shape>
<shape name="Four Way Valve" h="98" w="98" aspect="variable" strokewidth="inherit">
<connections>
<constraint x="0.5" y="0" perimeter="0" name="N"/>
<constraint x="0.5" y="1" perimeter="0" name="S"/>
<constraint x="0" y="0.5" perimeter="0" name="W"/>
<constraint x="1" y="0.5" perimeter="0" name="E"/>
</connections>
<background>
<path>
<move x="19" y="0"/>
<line x="79" y="0"/>
<line x="19" y="98"/>
<line x="79" y="98"/>
<line x="49" y="49"/>
<line x="0" y="19"/>
<line x="0" y="79"/>
<line x="98" y="19"/>
<line x="98" y="79"/>
<line x="49" y="49"/>
<close/>
</path>
</background>
<foreground>
<fillstroke/>
</foreground>
</shape>
<shape name="Gate Valve" h="60" w="98" aspect="variable" strokewidth="inherit">
<connections>
<constraint x="0.5" y="0.5" perimeter="0" name="center"/>
<constraint x="0" y="0.5" perimeter="0" name="W"/>
<constraint x="1" y="0.5" perimeter="0" name="E"/>
</connections>
<background>
<path>
<move x="0" y="60"/>
<line x="0" y="0"/>
<line x="98" y="60"/>
<line x="98" y="0"/>
<close/>
</path>
</background>
<foreground>
<fillstroke/>
</foreground>
</shape>
<shape name="Gauge" h="90" w="65" aspect="variable" strokewidth="inherit">
<connections>
<constraint x="0.232" y="1" perimeter="0" name="S"/>
<constraint x="1" y="0.444" perimeter="0" name="E"/>
</connections>
<foreground>
<ellipse x="0" y="0" w="30" h="30"/>
<fillstroke/>
<path>
<move x="20" y="55"/>
<line x="10" y="55"/>
<line x="20" y="75"/>
<line x="10" y="75"/>
<close/>
</path>
<fillstroke/>
<path>
<move x="30" y="35"/>
<line x="30" y="45"/>
<line x="50" y="35"/>
<line x="50" y="45"/>
<close/>
</path>
<fillstroke/>
<path>
<move x="15" y="90"/>
<line x="15" y="75"/>
</path>
<stroke/>
<path>
<move x="15" y="55"/>
<line x="15" y="30"/>
</path>
<stroke/>
<path>
<move x="30" y="40"/>
<line x="15" y="40"/>
</path>
<stroke/>
<path>
<move x="65" y="40"/>
<line x="50" y="40"/>
</path>
<stroke/>
</foreground>
</shape>
<shape name="Globe Valve" h="60" w="98" aspect="variable" strokewidth="inherit">
<connections>
<constraint x="0.5" y="0.165" perimeter="0" name="N"/>
<constraint x="0.5" y="0.835" perimeter="0" name="S"/>
<constraint x="0" y="0.5" perimeter="0" name="W"/>
<constraint x="1" y="0.5" perimeter="0" name="E"/>
</connections>
<background>
<path>
<move x="0" y="0"/>
<line x="31.9" y="19.7"/>
<arc rx="20" ry="20" x-axis-rotation="0" large-arc-flag="0" sweep-flag="1" x="66.2" y="19.7"/>
<line x="98" y="0"/>
<line x="98" y="60"/>
<line x="66.2" y="40.5"/>
<arc rx="20" ry="20" x-axis-rotation="0" large-arc-flag="0" sweep-flag="1" x="31.9" y="40.5"/>
<line x="0" y="60"/>
<close/>
</path>
</background>
<foreground>
<fillstroke/>
<path>
<move x="31.9" y="40.5"/>
<arc rx="20" ry="20" x-axis-rotation="0" large-arc-flag="0" sweep-flag="1" x="31.9" y="19.7"/>
</path>
<stroke/>
<path>
<move x="66.2" y="19.7"/>
<arc rx="20" ry="20" x-axis-rotation="0" large-arc-flag="0" sweep-flag="1" x="66.2" y="40.5"/>
</path>
<stroke/>
</foreground>
</shape>
<shape name="Hydraulic Valve" h="89" w="98" aspect="variable" strokewidth="inherit">
<connections>
<constraint x="0.5" y="0" perimeter="0" name="N"/>
<constraint x="0.5" y="0.67" perimeter="0" name="S"/>
<constraint x="0" y="0.67" perimeter="0" name="W"/>
<constraint x="1" y="0.67" perimeter="0" name="E"/>
</connections>
<background>
<path>
<move x="0" y="89"/>
<line x="0" y="30"/>
<line x="98" y="89"/>
<line x="98" y="30"/>
<close/>
</path>
</background>
<foreground>
<fillstroke/>
<rect x="19" y="0" w="60" h="30"/>
<fillstroke/>
<path>
<move x="49" y="15"/>
<line x="49" y="59"/>
</path>
<stroke/>
<path>
<move x="19" y="15"/>
<line x="79" y="15"/>
</path>
<stroke/>
<fontcolor color="#000000"/>
<fontsize size="18"/>
<text str="H" x="49" y="25" align="center" valign="bottom"/>
</foreground>
</shape>
<shape name="Knife Valve" h="85" w="100" aspect="variable" strokewidth="inherit">
<connections>
<constraint x="0.5" y="0" perimeter="0" name="N"/>
<constraint x="0.5" y="1" perimeter="0" name="S"/>
<constraint x="0" y="0.53" perimeter="0" name="W"/>
<constraint x="1" y="0.53" perimeter="0" name="E"/>
</connections>
<background>
<rect x="35" y="15" w="30" h="70"/>
</background>
<foreground>
<fillstroke/>
<path>
<move x="0" y="45"/>
<line x="35" y="45"/>
</path>
<stroke/>
<path>
<move x="65" y="45"/>
<line x="100" y="45"/>
</path>
<stroke/>
<path>
<move x="30" y="0"/>
<line x="70" y="0"/>
</path>
<stroke/>
<path>
<move x="50" y="0"/>
<line x="50" y="60"/>
</path>
<stroke/>

<miterlimit limit="10"/>
<path>
<move x="60" y="50"/>
<line x="50" y="80"/>
<line x="40" y="50"/>
<line x="50" y="60"/>
<close/>
</path>
<stroke/>
</foreground>
</shape>
<shape name="Manual Operated Valve" h="65" w="98" aspect="variable" strokewidth="inherit">
<connections>
<constraint x="0.5" y="0" perimeter="0" name="N"/>
<constraint x="0.5" y="0.54" perimeter="0" name="S"/>
<constraint x="0" y="0.54" perimeter="0" name="W"/>
<constraint x="1" y="0.54" perimeter="0" name="E"/>
</connections>
<background>
<path>
<move x="0" y="65"/>
<line x="0" y="5"/>
<line x="98" y="65"/>
<line x="98" y="5"/>
<close/>
</path>
</background>
<foreground>
<fillstroke/>
<path>
<move x="49" y="35"/>
<line x="49" y="0"/>
<line x="79" y="0"/>
</path>
<stroke/>
</foreground>
</shape>
<shape name="Motor Operated Valve" h="89" w="98" aspect="variable" strokewidth="inherit">
<connections>
<constraint x="0.5" y="0" perimeter="0" name="N"/>
<constraint x="0.5" y="0.67" perimeter="0" name="S"/>
<constraint x="0" y="0.67" perimeter="0" name="W"/>
<constraint x="1" y="0.67" perimeter="0" name="E"/>
</connections>
<background>
<path>
<move x="0" y="89"/>
<line x="0" y="30"/>
<line x="98" y="89"/>
<line x="98" y="30"/>
<close/>
</path>
</background>
<foreground>
<fillstroke/>
<rect x="19" y="0" w="60" h="30"/>
<fillstroke/>
<path>
<move x="49" y="15"/>
<line x="49" y="59"/>
</path>
<stroke/>
<path>
<move x="19" y="15"/>
<line x="79" y="15"/>
</path>
<stroke/>
<fontcolor color="#000000"/>
<fontsize size="18"/>
<text str="M" x="49" y="25" align="center" valign="bottom"/>
</foreground>
</shape>
<shape name="Needle" h="60" w="98" aspect="variable" strokewidth="inherit">
<connections>
<constraint x="0.5" y="0.085" perimeter="0" name="N"/>
<constraint x="0.5" y="0.915" perimeter="0" name="S"/>
<constraint x="0" y="0.5" perimeter="0" name="W"/>
<constraint x="1" y="0.5" perimeter="0" name="E"/>
<constraint x="0.5" y="0.5" perimeter="0" name="center"/>
</connections>
<background>
<path>
<move x="0" y="60"/>
<line x="0" y="0"/>
<line x="98" y="60"/>
<line x="98" y="0"/>
<close/>
</path>
</background>
<foreground>
<fillstroke/>
<path>
<move x="49" y="5"/>
<line x="49" y="55"/>
</path>
<stroke/>
</foreground>
</shape>
<shape name="Orifice" h="60" w="50" aspect="variable" strokewidth="inherit">
<connections>
<constraint x="0.5" y="0.165" perimeter="0" name="N"/>
<constraint x="0.5" y="0.835" perimeter="0" name="S"/>
<constraint x="0" y="0.5" perimeter="0" name="W"/>
<constraint x="1" y="0.5" perimeter="0" name="E"/>
</connections>
<foreground>
<path>
<move x="0" y="30"/>
<line x="15" y="30"/>
</path>
<stroke/>
<path>
<move x="15" y="0"/>
<line x="15" y="60"/>
</path>
<stroke/>
<path>
<move x="25" y="10"/>
<line x="25" y="50"/>
</path>
<stroke/>
<path>
<move x="35" y="0"/>
<line x="35" y="60"/>
</path>
<stroke/>
<path>
<move x="35" y="30"/>
<line x="50" y="30"/>
</path>
<stroke/>
</foreground>
</shape>
<shape name="Pinch Valve" h="60" w="98" aspect="variable" strokewidth="inherit">
<connections>
<constraint x="0.5" y="0.34" perimeter="0" name="N"/>
<constraint x="0.5" y="0.66" perimeter="0" name="S"/>
<constraint x="0" y="0.5" perimeter="0" name="W"/>
<constraint x="1" y="0.5" perimeter="0" name="E"/>
</connections>
<background>
<path>
<move x="0" y="60"/>
<line x="0" y="0"/>
<line x="98" y="60"/>
<line x="98" y="0"/>
<close/>
</path>
</background>
<foreground>
<fillstroke/>
<path>
<move x="31.5" y="10"/>
<line x="49" y="20.7"/>
<line x="66.5" y="10"/>
</path>
<stroke/>
<path>
<move x="31.5" y="50"/>
<line x="49" y="39.3"/>
<line x="66.5" y="50"/>
</path>
<stroke/>
</foreground>
</shape>
<shape name="Plug" h="60" w="98" aspect="variable" strokewidth="inherit">
<connections>
<constraint x="0.5" y="0.165" perimeter="0" name="N"/>
<constraint x="0.5" y="0.835" perimeter="0" name="S"/>
<constraint x="0" y="0.5" perimeter="0" name="W"/>
<constraint x="1" y="0.5" perimeter="0" name="E"/>
</connections>
<background>
<path>
<move x="0" y="60"/>
<line x="0" y="0"/>
<line x="98" y="60"/>
<line x="98" y="0"/>
<close/>
</path>
</background>
<foreground>
<fillstroke/>
<path>
<move x="16.5" y="10"/>
<line x="81.5" y="10"/>
</path>
<stroke/>
<path>
<move x="16.5" y="50"/>
<line x="81.5" y="50"/>
</path>
<stroke/>
</foreground>
</shape>
<shape name="Pneumatic Operated" h="79" w="98" aspect="variable" strokewidth="inherit">
<connections>
<constraint x="0.5" y="0" perimeter="0" name="N"/>
<constraint x="0.5" y="0.63" perimeter="0" name="S"/>
<constraint x="0" y="0.63" perimeter="0" name="W"/>
<constraint x="1" y="0.63" perimeter="0" name="E"/>
</connections>
<background>
<path>
<move x="0" y="79"/>
<line x="0" y="20"/>
<line x="98" y="79"/>
<line x="98" y="20"/>
<close/>
</path>
</background>
<foreground>
<fillstroke/>
<path>
<move x="49" y="20"/>
<line x="49" y="49"/>
</path>
<stroke/>
<path>
<move x="29" y="20"/>
<arc rx="20" ry="20" x-axis-rotation="0" large-arc-flag="0" sweep-flag="1" x="69" y="20"/>
<close/>
</path>
<fillstroke/>
</foreground>
</shape>
<shape name="Pneumatic Operated Butterfly Valve" h="80" w="60" aspect="variable" strokewidth="inherit">
<connections>
<constraint x="0.5" y="0" perimeter="0" name="N"/>
<constraint x="0.5" y="1" perimeter="0" name="S"/>
<constraint x="0" y="0.75" perimeter="0" name="W"/>
<constraint x="1" y="0.75" perimeter="0" name="E"/>
</connections>
<background>
<rect x="0" y="40" w="60" h="40"/>
</background>
<foreground>
<fillstroke/>
<path>
<move x="30" y="20"/>
<line x="30" y="52"/>
</path>
<stroke/>
<path>
<move x="10" y="20"/>
<arc rx="20" ry="20" x-axis-rotation="0" large-arc-flag="0" sweep-flag="1" x="50" y="20"/>
<close/>
</path>
<fillstroke/>
<path>
<move x="5" y="75"/>
<line x="55" y="45"/>
</path>
<stroke/>
<ellipse x="26" y="56" w="8" h="8"/>
<fillstroke/>
</foreground>
</shape>
<shape name="Relief PRV" h="59" w="40" aspect="variable" strokewidth="inherit">
<connections>
<constraint x="0.5" y="0" perimeter="0" name="N"/>
<constraint x="0.5" y="1" perimeter="0" name="S"/>
</connections>
<background>
<path>
<move x="0" y="20"/>
<arc rx="20" ry="20" x-axis-rotation="0" large-arc-flag="0" sweep-flag="1" x="40" y="20"/>
<close/>
</path>
</background>
<foreground>
<fillstroke/>
<path>
<move x="20" y="20"/>
<line x="20" y="59"/>
</path>
<stroke/>
<rect x="20" y="20" w="20" h="8"/>
<stroke/>
</foreground>
</shape>
<shape name="Rotameter" h="60" w="75" aspect="variable" strokewidth="inherit">
<connections>
<constraint x="0.39" y="0" perimeter="0" name="N"/>
<constraint x="0.39" y="1" perimeter="0" name="S"/>
<constraint x="0" y="0.5" perimeter="0" name="W"/>
<constraint x="1" y="0.5" perimeter="0" name="E"/>
</connections>
<background>
<path>
<move x="51.5" y="9"/>
<line x="75" y="30"/>
<line x="51.5" y="51"/>
</path>
</background>
<foreground>
<fillstroke/>
<ellipse x="0" y="0" w="60" h="60"/>
<fillstroke/>
</foreground>
</shape>
<shape name="Safety PSV 1" h="94.5" w="55.5" aspect="variable" strokewidth="inherit">
<connections>
<constraint x="0.38" y="1" perimeter="0" name="S"/>
<constraint x="1" y="0.64" perimeter="0" name="E"/>
<constraint x="0.38" y="0.64" perimeter="0" name="center"/>
</connections>
<background>
<path>
<move x="0" y="94.5"/>
<line x="21" y="60"/>
<line x="55.5" y="39"/>
<line x="55.5" y="81"/>
<line x="21" y="60"/>
<line x="42" y="94.5"/>
<close/>
</path>
</background>
<foreground>
<fillstroke/>
<path>
<move x="21" y="61"/>
<line x="21" y="0"/>
</path>
<stroke/>
<path>
<move x="6" y="39"/>
<line x="36" y="19"/>
</path>
<stroke/>
<path>
<move x="6" y="32"/>
<line x="36" y="12"/>
</path>
<stroke/>
<path>
<move x="6" y="25"/>
<line x="36" y="5"/>
</path>
<stroke/>
</foreground>
</shape>
<shape name="Safety PSV 2" h="94.5" w="55.5" aspect="variable" strokewidth="inherit">
<connections>
<constraint x="0.62" y="1" perimeter="0" name="S"/>
<constraint x="0" y="0.64" perimeter="0" name="W"/>
<constraint x="0.62" y="0.64" perimeter="0" name="center"/>
</connections>
<background>
<path>
<move x="13.5" y="94.5"/>
<line x="34.5" y="60"/>
<line x="0" y="39"/>
<line x="0" y="81"/>
<line x="34.5" y="60"/>
<line x="55.5" y="94.5"/>
<close/>
</path>
</background>
<foreground>
<fillstroke/>
<path>
<move x="34.5" y="61"/>
<line x="34.5" y="0"/>
</path>
<stroke/>
<path>
<move x="49.5" y="39"/>
<line x="19.5" y="19"/>
</path>
<stroke/>
<path>
<move x="49.5" y="32"/>
<line x="19.5" y="12"/>
</path>
<stroke/>
<path>
<move x="49.5" y="25"/>
<line x="19.5" y="5"/>
</path>
<stroke/>
</foreground>
</shape>
<shape name="Solenoid Valve Closed" h="89" w="98" aspect="variable" strokewidth="inherit">
<connections>
<constraint x="0.5" y="0" perimeter="0" name="N"/>
<constraint x="0.5" y="0.67" perimeter="0" name="S"/>
<constraint x="0" y="0.67" perimeter="0" name="W"/>
<constraint x="1" y="0.67" perimeter="0" name="E"/>
</connections>
<background>
<path>
<move x="0" y="89"/>
<line x="0" y="30"/>
<line x="98" y="89"/>
<line x="98" y="30"/>
<close/>
</path>
</background>
<foreground>
<fillstroke/>
<rect x="19" y="0" w="60" h="30"/>
<fillstroke/>
<path>
<move x="49" y="15"/>
<line x="49" y="59"/>
</path>
<stroke/>
<path>
<move x="19" y="15"/>
<line x="79" y="15"/>
</path>
<stroke/>
<fontcolor color="#000000"/>
<fontsize size="18"/>
<text str="S" x="49" y="25" align="center" valign="bottom"/>
</foreground>
</shape>
<shape name="Three-Way Valve" h="79" w="98" aspect="variable" strokewidth="inherit">
<connections>
<constraint x="0.5" y="0.385" perimeter="0" name="N"/>
<constraint x="0.5" y="1" perimeter="0" name="S"/>
<constraint x="0" y="0.385" perimeter="0" name="W"/>
<constraint x="1" y="0.385" perimeter="0" name="E"/>
</connections>
<background>
<path>
<move x="19" y="79"/>
<line x="49" y="30"/>
<line x="98" y="0"/>
<line x="98" y="60"/>
<line x="0" y="0"/>
<line x="0" y="60"/>
<line x="49" y="30"/>
<line x="79" y="79"/>
<close/>
</path>
</background>
<foreground>
<fillstroke/>
</foreground>
</shape>
</shapes>