<mxGraphModel grid="1" guides="1" tooltips="1" connect="1" fold="1" page="0" pageScale="1" pageWidth="826" pageHeight="1169">
<root>
<mxCell	id="0"/>
<mxCell	id="1" parent="0"/>
<mxCell	id="5" name="teacher" value="member" style="member" vertex="1" parent="1">
  <mxGeometry x="160" y="170" width="80" height="80" as="geometry"/>
</mxCell>
<mxCell	id="7" value="Proces&#xa;sA" style="swimlane" vertex="1" parent="1">
  <mxGeometry x="310" y="180" width="140" height="60" as="geometry"/>
</mxCell>
<mxCell	id="8" value=""	style="shape=plus" vertex="1" connectable="0" parent="7">
  <mxGeometry x="0.5" y="1" width="12" height="12" relative="1"	as="geometry">
	<mxPoint x="-6"	y="-12"	as="offset"/>
  </mxGeometry>
</mxCell>
<mxCell	id="9" style="entryX=0;entryY=0.5" edge="1" parent="1" source="5" target="7">
  <mxGeometry relative="1" as="geometry"/>
</mxCell>
<mxCell	id="10"	value="ProcessB" style="swimlane" vertex="1" parent="1">
 <mxGeometry x="520" y="180" width="140" height="60" as="geometry"/>
</mxCell>
<mxCell	id="11"	value="" style="shape=plus" vertex="1" connectable="0" parent="10">
  <mxGeometry x="0.5" y="1" width="12" height="12" relative="1"	as="geometry">
	<mxPoint x="-6"	y="-12"	as="offset"/>
  </mxGeometry>
</mxCell>
<mxCell	id="12"	edge="1" parent="1" source="7" target="10">
  <mxGeometry relative="1" as="geometry"/>
</mxCell>
<mxCell	id="13"	value="sdfs" style="end" vertex="1" parent="1">
  <mxGeometry x="755.5"	y="185.5" width="49" height="49" as="geometry"/>
</mxCell>
<mxCell	id="14"	style="entryX=0;entryY=0.5;entryPerimeter=0" edge="1" parent="1" source="10" target="13">
  <mxGeometry relative="1" as="geometry"/>
</mxCell>
<mxCell	id="15"	value="manager"	style="manager"	vertex="1" parent="1">
  <mxGeometry x="550" y="250" width="80" height="80" as="geometry"/>
</mxCell>
</root>
</mxGraphModel>